{"info": {"description": "handdrawnmaps", "version": "v0.2"}, "categories": [{"id": 1, "name": "tree", "color": [0, 113, 188], "attributes": null, "isthing": 0}, {"id": 2, "name": "building", "color": [216, 82, 24], "attributes": null, "isthing": 0}, {"id": 3, "name": "pond", "color": [236, 176, 31], "attributes": null, "isthing": 0}, {"id": 4, "name": "grass", "color": [125, 46, 141], "attributes": null, "isthing": 0}, {"id": 5, "name": "dirt", "color": [118, 171, 47], "attributes": null, "isthing": 0}, {"id": 6, "name": "river", "color": [161, 19, 46], "attributes": null, "isthing": 0}, {"id": 7, "name": "dock", "color": [255, 0, 0], "attributes": null, "isthing": 0}, {"id": 8, "name": "mountain", "color": [255, 127, 0], "attributes": null, "isthing": 0}, {"id": 9, "name": "hill", "color": [190, 190, 0], "attributes": null, "isthing": 0}, {"id": 10, "name": "boat", "color": [0, 255, 0], "attributes": null, "isthing": 0}, {"id": 11, "name": "ocean", "color": [170, 0, 255], "attributes": null, "isthing": 0}, {"id": 12, "name": "unlabeled paper", "color": [84, 84, 0], "attributes": null, "isthing": 0}], "images": [{"id": 1, "file_name": "map_001.jpg", "height": 2268, "width": 4032}, {"id": 2, "file_name": "map_002.jpg", "height": 2268, "width": 3078}, {"id": 3, "file_name": "map_003.jpg", "height": 2268, "width": 4032}, {"id": 4, "file_name": "map_004.jpg", "height": 2268, "width": 4032}], "annotations": [{"segments_info": [{"id": 3019681, "category_id": 6, "bbox": [890, 77, 2500, 995], "area": 500314, "iscrowd": 0}, {"id": 2076908, "category_id": 3, "bbox": [2177, 1411, 350, 363], "area": 76226, "iscrowd": 0}, {"id": 12349696, "category_id": 1, "bbox": [2134, 1152, 117, 128], "area": 11471, "iscrowd": 0}, {"id": 12349696, "category_id": 1, "bbox": [2013, 1163, 100, 94], "area": 7912, "iscrowd": 0}, {"id": 12349696, "category_id": 1, "bbox": [2036, 1284, 131, 124], "area": 13542, "iscrowd": 0}, {"id": 12349696, "category_id": 1, "bbox": [2318, 1152, 74, 71], "area": 4165, "iscrowd": 0}, {"id": 12349696, "category_id": 1, "bbox": [2362, 1284, 81, 67], "area": 4053, "iscrowd": 0}, {"id": 12349696, "category_id": 1, "bbox": [2184, 1310, 101, 108], "area": 7934, "iscrowd": 0}, {"id": 12349696, "category_id": 1, "bbox": [2473, 1381, 77, 81], "area": 4852, "iscrowd": 0}, {"id": 12349696, "category_id": 1, "bbox": [2537, 1630, 80, 80], "area": 5130, "iscrowd": 0}, {"id": 12349696, "category_id": 1, "bbox": [2453, 1680, 101, 104], "area": 7927, "iscrowd": 0}, {"id": 12349696, "category_id": 1, "bbox": [2456, 1841, 111, 115], "area": 9520, "iscrowd": 0}, {"id": 12349696, "category_id": 1, "bbox": [2278, 1841, 101, 94], "area": 7270, "iscrowd": 0}, {"id": 12349696, "category_id": 1, "bbox": [2144, 1828, 94, 97], "area": 6829, "iscrowd": 0}, {"id": 12349696, "category_id": 1, "bbox": [2056, 1751, 84, 100], "area": 6612, "iscrowd": 0}, {"id": 12349696, "category_id": 1, "bbox": [1858, 1895, 67, 67], "area": 3725, "iscrowd": 0}, {"id": 12349696, "category_id": 1, "bbox": [1754, 1841, 94, 88], "area": 6396, "iscrowd": 0}, {"id": 12349696, "category_id": 1, "bbox": [1835, 1767, 60, 57], "area": 2892, "iscrowd": 0}, {"id": 12349696, "category_id": 1, "bbox": [1734, 1720, 84, 81], "area": 5205, "iscrowd": 0}, {"id": 12349696, "category_id": 1, "bbox": [1861, 1465, 98, 94], "area": 6922, "iscrowd": 0}, {"id": 12349696, "category_id": 1, "bbox": [2043, 1539, 64, 70], "area": 3292, "iscrowd": 0}, {"id": 255, "category_id": 7, "bbox": [2167, 1546, 148, 63], "area": 7662, "iscrowd": 0}, {"id": 1594072, "category_id": 2, "bbox": [2073, 1636, 87, 98], "area": 5463, "iscrowd": 0}, {"id": 1594072, "category_id": 2, "bbox": [1754, 1549, 101, 107], "area": 6363, "iscrowd": 0}, {"id": 1594072, "category_id": 2, "bbox": [1976, 1462, 84, 84], "area": 5730, "iscrowd": 0}, {"id": 1594072, "category_id": 2, "bbox": [1932, 1757, 108, 108], "area": 10827, "iscrowd": 0}, {"id": 3124086, "category_id": 5, "bbox": [958, 30, 1031, 444], "area": 338208, "iscrowd": 0}, {"id": 3124086, "category_id": 5, "bbox": [1835, 1509, 255, 356], "area": 9122, "iscrowd": 0}, {"id": 21588, "category_id": 12, "bbox": [884, 551, 2506, 1599], "area": 3149841, "iscrowd": 0}, {"id": 21588, "category_id": 12, "bbox": [897, 13, 2520, 861], "area": 975236, "iscrowd": 0}], "file_name": "map_001_label_ground-truth_coco-panoptic.png", "image_id": 1}, {"segments_info": [{"id": 12349696, "category_id": 1, "bbox": [2173, 159, 133, 167], "area": 16104, "iscrowd": 0}, {"id": 12349696, "category_id": 1, "bbox": [2326, 213, 124, 131], "area": 12091, "iscrowd": 0}, {"id": 12349696, "category_id": 1, "bbox": [2401, 375, 113, 123], "area": 10889, "iscrowd": 0}, {"id": 12349696, "category_id": 1, "bbox": [2219, 390, 156, 149], "area": 17024, "iscrowd": 0}, {"id": 12349696, "category_id": 1, "bbox": [2306, 549, 115, 133], "area": 10657, "iscrowd": 0}, {"id": 12349696, "category_id": 1, "bbox": [2134, 559, 133, 157], "area": 14736, "iscrowd": 0}, {"id": 12349696, "category_id": 1, "bbox": [1988, 662, 151, 151], "area": 17095, "iscrowd": 0}, {"id": 12349696, "category_id": 1, "bbox": [2232, 762, 174, 192], "area": 25473, "iscrowd": 0}, {"id": 12349696, "category_id": 1, "bbox": [1793, 557, 149, 154], "area": 15919, "iscrowd": 0}, {"id": 12349696, "category_id": 1, "bbox": [1631, 410, 152, 136], "area": 15050, "iscrowd": 0}, {"id": 12349696, "category_id": 1, "bbox": [1883, 385, 128, 128], "area": 13158, "iscrowd": 0}, {"id": 12349696, "category_id": 1, "bbox": [1985, 203, 129, 120], "area": 11076, "iscrowd": 0}, {"id": 1594072, "category_id": 2, "bbox": [2065, 403, 92, 115], "area": 9153, "iscrowd": 0}, {"id": 255, "category_id": 7, "bbox": [2468, 1029, 187, 87], "area": 12223, "iscrowd": 0}, {"id": 2076908, "category_id": 3, "bbox": [2483, 836, 400, 575], "area": 155029, "iscrowd": 0}, {"id": 3019681, "category_id": 6, "bbox": [531, 1054, 944, 1129], "area": 355690, "iscrowd": 0}], "file_name": "map_002_label_ground-truth_coco-panoptic.png", "image_id": 2}, {"segments_info": [{"id": 12349696, "category_id": 1, "bbox": [2772, 1280, 67, 91], "area": 4141, "iscrowd": 0}, {"id": 12349696, "category_id": 1, "bbox": [2772, 1280, 205, 172], "area": 13846, "iscrowd": 0}, {"id": 12349696, "category_id": 1, "bbox": [3148, 1502, 185, 181], "area": 19577, "iscrowd": 0}, {"id": 12349696, "category_id": 1, "bbox": [1888, 1959, 78, 87], "area": 5281, "iscrowd": 0}, {"id": 12349696, "category_id": 1, "bbox": [1952, 1925, 61, 78], "area": 3668, "iscrowd": 0}, {"id": 12349696, "category_id": 1, "bbox": [1999, 1949, 67, 104], "area": 5284, "iscrowd": 0}, {"id": 12349696, "category_id": 1, "bbox": [1959, 2016, 91, 74], "area": 4476, "iscrowd": 0}, {"id": 12349696, "category_id": 1, "bbox": [2050, 1929, 74, 100], "area": 5078, "iscrowd": 0}, {"id": 12349696, "category_id": 1, "bbox": [2107, 1905, 80, 118], "area": 6734, "iscrowd": 0}, {"id": 12349696, "category_id": 1, "bbox": [2191, 1919, 87, 73], "area": 4916, "iscrowd": 0}, {"id": 12349696, "category_id": 1, "bbox": [2147, 1982, 87, 64], "area": 3649, "iscrowd": 0}, {"id": 12349696, "category_id": 1, "bbox": [2070, 2009, 117, 81], "area": 7071, "iscrowd": 0}, {"id": 12349696, "category_id": 1, "bbox": [2234, 1949, 78, 114], "area": 6732, "iscrowd": 0}, {"id": 12349696, "category_id": 1, "bbox": [2308, 2003, 98, 80], "area": 5918, "iscrowd": 0}, {"id": 9252477, "category_id": 4, "bbox": [2570, 1290, 394, 232], "area": 27606, "iscrowd": 0}, {"id": 12349696, "category_id": 1, "bbox": [1945, 931, 54, 64], "area": 2388, "iscrowd": 0}, {"id": 3019681, "category_id": 6, "bbox": [1038, 252, 2668, 1801], "area": 370127, "iscrowd": 0}, {"id": 21588, "category_id": 12, "bbox": [1055, 138, 2564, 1428], "area": 1777311, "iscrowd": 0}], "file_name": "map_003_label_ground-truth_coco-panoptic.png", "image_id": 3}, {"segments_info": [{"id": 12349696, "category_id": 1, "bbox": [1593, 1280, 94, 104], "area": 5602, "iscrowd": 0}, {"id": 12349696, "category_id": 1, "bbox": [1734, 1354, 84, 111], "area": 5855, "iscrowd": 0}, {"id": 12349696, "category_id": 1, "bbox": [1861, 1189, 95, 115], "area": 7025, "iscrowd": 0}, {"id": 12349696, "category_id": 1, "bbox": [2076, 1250, 98, 124], "area": 7819, "iscrowd": 0}, {"id": 12349696, "category_id": 1, "bbox": [1956, 1421, 70, 101], "area": 5285, "iscrowd": 0}, {"id": 48830, "category_id": 9, "bbox": [1522, 1539, 390, 87], "area": 9737, "iscrowd": 0}, {"id": 48830, "category_id": 9, "bbox": [1982, 1159, 350, 88], "area": 7790, "iscrowd": 0}, {"id": 12349696, "category_id": 1, "bbox": [1307, 423, 198, 98], "area": 14427, "iscrowd": 0}, {"id": 12349696, "category_id": 1, "bbox": [2863, 769, 84, 74], "area": 4205, "iscrowd": 0}, {"id": 12349696, "category_id": 1, "bbox": [2927, 907, 94, 98], "area": 6368, "iscrowd": 0}, {"id": 12349696, "category_id": 1, "bbox": [2782, 988, 91, 94], "area": 5522, "iscrowd": 0}, {"id": 12349696, "category_id": 1, "bbox": [2836, 1105, 111, 105], "area": 7713, "iscrowd": 0}, {"id": 65280, "category_id": 10, "bbox": [2446, 991, 134, 138], "area": 13064, "iscrowd": 0}, {"id": 65280, "category_id": 10, "bbox": [2507, 1089, 114, 94], "area": 6538, "iscrowd": 0}, {"id": 32767, "category_id": 8, "bbox": [2036, 171, 464, 236], "area": 42694, "iscrowd": 0}, {"id": 32767, "category_id": 8, "bbox": [1139, 188, 383, 114], "area": 20244, "iscrowd": 0}, {"id": 32767, "category_id": 8, "bbox": [1005, 94, 504, 155], "area": 33229, "iscrowd": 0}, {"id": 3124086, "category_id": 5, "bbox": [897, 108, 689, 907], "area": 216996, "iscrowd": 0}, {"id": 3124086, "category_id": 5, "bbox": [1868, 114, 790, 518], "area": 250492, "iscrowd": 0}, {"id": 3124086, "category_id": 5, "bbox": [2735, 642, 316, 756], "area": 150464, "iscrowd": 0}, {"id": 3124086, "category_id": 5, "bbox": [1122, 1018, 1257, 672], "area": 384044, "iscrowd": 0}, {"id": 16711850, "category_id": 11, "bbox": [880, 101, 2184, 1703], "area": 2416317, "iscrowd": 0}, {"id": 21588, "category_id": 12, "bbox": [202, 0, 3575, 2268], "area": 4327019, "iscrowd": 0}], "file_name": "map_004_label_ground-truth_coco-panoptic.png", "image_id": 4}]}